Workbook

Sheet Total
A1: FPI investment in equity - TOTAL, per reporting day
A2: Source: NSDL Archive (Daily Trends in FPI Investments), https://www.fpi.nsdl.co.in/web/Reports/Archive.aspx - scraped 2026-10-01 UTC. Before 01 Dec 2009 NSDL published one undivided Equity row per day (Basis = Equity); from then on this is the Equity Sub-total (= Stock Exchange + Primary market & others).
A4: Date | B4: Year | C4: Month | D4: FY | E4: Basis | F4: Gross Purchases (Rs Crore) | G4: Gross Sales (Rs Crore) | H4: Net Investment (Rs Crore) | I4: Net Investment (US$ Million) | J4: USD/INR Rate
A5: 36892 | B5: 2001 | C5: 1 | D5: =IF(MONTH(A5)>=4,"FY "&YEAR(A5)&"-"&RIGHT(YEAR(A5)+1,2),"FY "&(YEAR(A5)-1)&"-"&RIGHT(YEAR(A5),2)) -> FY 2000-01 | E5: Equity | F5: 522.4 | G5: 189.5 | H5: 332.9 | I5: 71.2 | J5: 46.75
A6: 36893 | B6: 2001 | C6: 1 | D6: =IF(MONTH(A6)>=4,"FY "&YEAR(A6)&"-"&RIGHT(YEAR(A6)+1,2),"FY "&(YEAR(A6)-1)&"-"&RIGHT(YEAR(A6),2)) -> FY 2000-01 | E6: Equity | F6: 83 | G6: 8.2 | H6: 74.8 | I6: 16 | J6: 46.66
A7: 36894 | B7: 2001 | C7: 1 | D7: =IF(MONTH(A7)>=4,"FY "&YEAR(A7)&"-"&RIGHT(YEAR(A7)+1,2),"FY "&(YEAR(A7)-1)&"-"&RIGHT(YEAR(A7),2)) -> FY 2000-01 | E7: Equity | F7: 267.3 | G7: 63.8 | H7: 203.5 | I7: 43.6 | J7: 46.69
A8: 36895 | B8: 2001 | C8: 1 | D8: =IF(MONTH(A8)>=4,"FY "&YEAR(A8)&"-"&RIGHT(YEAR(A8)+1,2),"FY "&(YEAR(A8)-1)&"-"&RIGHT(YEAR(A8),2)) -> FY 2000-01 | E8: Equity | F8: 264.8 | G8: 236 | H8: 28.8 | I8: 6.2 | J8: 46.7
A9: 36896 | B9: 2001 | C9: 1 | D9: =IF(MONTH(A9)>=4,"FY "&YEAR(A9)&"-"&RIGHT(YEAR(A9)+1,2),"FY "&(YEAR(A9)-1)&"-"&RIGHT(YEAR(A9),2)) -> FY 2000-01 | E9: Equity | F9: 556 | G9: 225.8 | H9: 330.2 | I9: 70.7 | J9: 46.74
A10: 36899 | B10: 2001 | C10: 1 | D10: =IF(MONTH(A10)>=4,"FY "&YEAR(A10)&"-"&RIGHT(YEAR(A10)+1,2),"FY "&(YEAR(A10)-1)&"-"&RIGHT(YEAR(A10),2)) -> FY 2000-01 | E10: Equity | F10: 438.4 | G10: 115.2 | H10: 323.2 | I10: 69.2 | J10: 46.74
A11: 36900 | B11: 2001 | C11: 1 | D11: =IF(MONTH(A11)>=4,"FY "&YEAR(A11)&"-"&RIGHT(YEAR(A11)+1,2),"FY "&(YEAR(A11)-1)&"-"&RIGHT(YEAR(A11),2)) -> FY 2000-01 | E11: Equity | F11: 172 | G11: 141.5 | H11: 30.5 | I11: 6.5 | J11: 46.69
A12: 36901 | B12: 2001 | C12: 1 | D12: =IF(MONTH(A12)>=4,"FY "&YEAR(A12)&"-"&RIGHT(YEAR(A12)+1,2),"FY "&(YEAR(A12)-1)&"-"&RIGHT(YEAR(A12),2)) -> FY 2000-01 | E12: Equity | F12: 294.4 | G12: 122.5 | H12: 171.9 | I12: 36.8 | J12: 46.66
A13: 36902 | B13: 2001 | C13: 1 | D13: =IF(MONTH(A13)>=4,"FY "&YEAR(A13)&"-"&RIGHT(YEAR(A13)+1,2),"FY "&(YEAR(A13)-1)&"-"&RIGHT(YEAR(A13),2)) -> FY 2000-01 | E13: Equity | F13: 295 | G13: 201.6 | H13: 93.4 | I13: 20 | J13: 46.61
A14: 36903 | B14: 2001 | C14: 1 | D14: =IF(MONTH(A14)>=4,"FY "&YEAR(A14)&"-"&RIGHT(YEAR(A14)+1,2),"FY "&(YEAR(A14)-1)&"-"&RIGHT(YEAR(A14),2)) -> FY 2000-01 | E14: Equity | F14: 168.5 | G14: 152.6 | H14: 15.9 | I14: 3.4 | J14: 46.63
A15: 36906 | B15: 2001 | C15: 1 | D15: =IF(MONTH(A15)>=4,"FY "&YEAR(A15)&"-"&RIGHT(YEAR(A15)+1,2),"FY "&(YEAR(A15)-1)&"-"&RIGHT(YEAR(A15),2)) -> FY 2000-01 | E15: Equity | F15: 414.4 | G15: 203.1 | H15: 211.3 | I15: 45.3 | J15: 46.61
A16: 36907 | B16: 2001 | C16: 1 | D16: =IF(MONTH(A16)>=4,"FY "&YEAR(A16)&"-"&RIGHT(YEAR(A16)+1,2),"FY "&(YEAR(A16)-1)&"-"&RIGHT(YEAR(A16),2)) -> FY 2000-01 | E16: Equity | F16: 534.8 | G16: 309.6 | H16: 225.2 | I16: 48.4 | J16: 46.53
... A4664: 43861 | B4664: 2020 | C4664: 1 | D4664: =IF(MONTH(A4664)>=4,"FY "&YEAR(A4664)&"-"&RIGHT(YEAR(A4664)+1,2),"FY "&(YEAR(A4664)-1)&"-"&RIGHT(YEAR(A4664),2)) -> FY 2019-20 | E4664: Equity sub-total | F4664: 6401.33 | G4664: 5775.41 | H4664: 625.92 | I4664: 87.57 | J4664: 71.4772

Sheet Stock Exchange
A1: FPI investment in equity - STOCK EXCHANGE route, per reporting day
A2: Source: NSDL Archive (Daily Trends in FPI Investments), https://www.fpi.nsdl.co.in/web/Reports/Archive.aspx - scraped 2026-10-01 UTC. NSDL splits equity by investment route from 01 Dec 2009
A4: Date | B4: Year | C4: Month | D4: FY | E4: Investment Route | F4: Gross Purchases (Rs Crore) | G4: Gross Sales (Rs Crore) | H4: Net Investment (Rs Crore) | I4: Net Investment (US$ Million) | J4: USD/INR Rate
A5: 40148 | B5: 2009 | C5: 12 | D5: =IF(MONTH(A5)>=4,"FY "&YEAR(A5)&"-"&RIGHT(YEAR(A5)+1,2),"FY "&(YEAR(A5)-1)&"-"&RIGHT(YEAR(A5),2)) -> FY 2009-10 | E5: Stock Exchange | F5: 2812.3 | G5: 2274.7 | H5: 537.5 | I5: 115.64 | J5: 46.48
A6: 40149 | B6: 2009 | C6: 12 | D6: =IF(MONTH(A6)>=4,"FY "&YEAR(A6)&"-"&RIGHT(YEAR(A6)+1,2),"FY "&(YEAR(A6)-1)&"-"&RIGHT(YEAR(A6),2)) -> FY 2009-10 | E6: Stock Exchange | F6: 2987.3 | G6: 2237.8 | H6: 749.5 | I6: 161.35 | J6: 46.45
A7: 40150 | B7: 2009 | C7: 12 | D7: =IF(MONTH(A7)>=4,"FY "&YEAR(A7)&"-"&RIGHT(YEAR(A7)+1,2),"FY "&(YEAR(A7)-1)&"-"&RIGHT(YEAR(A7),2)) -> FY 2009-10 | E7: Stock Exchange | F7: 3464.4 | G7: 2402.1 | H7: 1062.3 | I7: 229.59 | J7: 46.27
A8: 40151 | B8: 2009 | C8: 12 | D8: =IF(MONTH(A8)>=4,"FY "&YEAR(A8)&"-"&RIGHT(YEAR(A8)+1,2),"FY "&(YEAR(A8)-1)&"-"&RIGHT(YEAR(A8),2)) -> FY 2009-10 | E8: Stock Exchange | F8: 2364.9 | G8: 1936.4 | H8: 428.5 | I8: 92.71 | J8: 46.22
A9: 40154 | B9: 2009 | C9: 12 | D9: =IF(MONTH(A9)>=4,"FY "&YEAR(A9)&"-"&RIGHT(YEAR(A9)+1,2),"FY "&(YEAR(A9)-1)&"-"&RIGHT(YEAR(A9),2)) -> FY 2009-10 | E9: Stock Exchange | F9: 2133 | G9: 1844 | H9: 289 | I9: 62.49 | J9: 46.25
A10: 40155 | B10: 2009 | C10: 12 | D10: =IF(MONTH(A10)>=4,"FY "&YEAR(A10)&"-"&RIGHT(YEAR(A10)+1,2),"FY "&(YEAR(A10)-1)&"-"&RIGHT(YEAR(A10),2)) -> FY 2009-10 | E10: Stock Exchange | F10: 1936.9 | G10: 1919 | H10: 17.9 | I10: 3.85 | J10: 46.44
A11: 40156 | B11: 2009 | C11: 12 | D11: =IF(MONTH(A11)>=4,"FY "&YEAR(A11)&"-"&RIGHT(YEAR(A11)+1,2),"FY "&(YEAR(A11)-1)&"-"&RIGHT(YEAR(A11),2)) -> FY 2009-10 | E11: Stock Exchange | F11: 2829.6 | G11: 1879.6 | H11: 950 | I11: 203.55 | J11: 46.67
A12: 40157 | B12: 2009 | C12: 12 | D12: =IF(MONTH(A12)>=4,"FY "&YEAR(A12)&"-"&RIGHT(YEAR(A12)+1,2),"FY "&(YEAR(A12)-1)&"-"&RIGHT(YEAR(A12),2)) -> FY 2009-10 | E12: Stock Exchange | F12: 2104.7 | G12: 2390.3 | H12: -285.6 | I12: -61.06 | J12: 46.77
A13: 40158 | B13: 2009 | C13: 12 | D13: =IF(MONTH(A13)>=4,"FY "&YEAR(A13)&"-"&RIGHT(YEAR(A13)+1,2),"FY "&(YEAR(A13)-1)&"-"&RIGHT(YEAR(A13),2)) -> FY 2009-10 | E13: Stock Exchange | F13: 2553.8 | G13: 2165.8 | H13: 388 | I13: 83.04 | J13: 46.72
A14: 40161 | B14: 2009 | C14: 12 | D14: =IF(MONTH(A14)>=4,"FY "&YEAR(A14)&"-"&RIGHT(YEAR(A14)+1,2),"FY "&(YEAR(A14)-1)&"-"&RIGHT(YEAR(A14),2)) -> FY 2009-10 | E14: Stock Exchange | F14: 2166.7 | G14: 1770.6 | H14: 396.1 | I14: 85.15 | J14: 46.52
A15: 40162 | B15: 2009 | C15: 12 | D15: =IF(MONTH(A15)>=4,"FY "&YEAR(A15)&"-"&RIGHT(YEAR(A15)+1,2),"FY "&(YEAR(A15)-1)&"-"&RIGHT(YEAR(A15),2)) -> FY 2009-10 | E15: Stock Exchange | F15: 1829 | G15: 1654.5 | H15: 174.6 | I15: 37.41 | J15: 46.66
A16: 40163 | B16: 2009 | C16: 12 | D16: =IF(MONTH(A16)>=4,"FY "&YEAR(A16)&"-"&RIGHT(YEAR(A16)+1,2),"FY "&(YEAR(A16)-1)&"-"&RIGHT(YEAR(A16),2)) -> FY 2009-10 | E16: Stock Exchange | F16: 2285 | G16: 2166.8 | H16: 118.2 | I16: 25.34 | J16: 46.64
... A2450: 43861 | B2450: 2020 | C2450: 1 | D2450: =IF(MONTH(A2450)>=4,"FY "&YEAR(A2450)&"-"&RIGHT(YEAR(A2450)+1,2),"FY "&(YEAR(A2450)-1)&"-"&RIGHT(YEAR(A2450),2)) -> FY 2019-20 | E2450: Stock Exchange | F2450: 5868.08 | G2450: 5772.47 | H2450: 95.61 | I2450: 13.38 | J2450: 71.4772

Sheet Primary
A1: FPI investment in equity - PRIMARY MARKET & OTHERS route, per reporting day
A2: Source: NSDL Archive (Daily Trends in FPI Investments), https://www.fpi.nsdl.co.in/web/Reports/Archive.aspx - scraped 2026-10-01 UTC. NSDL splits equity by investment route from 01 Dec 2009
A4: Date | B4: Year | C4: Month | D4: FY | E4: Investment Route | F4: Gross Purchases (Rs Crore) | G4: Gross Sales (Rs Crore) | H4: Net Investment (Rs Crore) | I4: Net Investment (US$ Million) | J4: USD/INR Rate
A5: 40148 | B5: 2009 | C5: 12 | D5: =IF(MONTH(A5)>=4,"FY "&YEAR(A5)&"-"&RIGHT(YEAR(A5)+1,2),"FY "&(YEAR(A5)-1)&"-"&RIGHT(YEAR(A5),2)) -> FY 2009-10 | E5: Primary market & others | F5: 163.8 | G5: 1.5 | H5: 162.3 | I5: 34.92 | J5: 46.48
A6: 40149 | B6: 2009 | C6: 12 | D6: =IF(MONTH(A6)>=4,"FY "&YEAR(A6)&"-"&RIGHT(YEAR(A6)+1,2),"FY "&(YEAR(A6)-1)&"-"&RIGHT(YEAR(A6),2)) -> FY 2009-10 | E6: Primary market & others | F6: 1561.5 | G6: 1 | H6: 1560.4 | I6: 335.94 | J6: 46.45
A7: 40150 | B7: 2009 | C7: 12 | D7: =IF(MONTH(A7)>=4,"FY "&YEAR(A7)&"-"&RIGHT(YEAR(A7)+1,2),"FY "&(YEAR(A7)-1)&"-"&RIGHT(YEAR(A7),2)) -> FY 2009-10 | E7: Primary market & others | F7: 450.5 | G7: 0.7 | H7: 449.8 | I7: 97.21 | J7: 46.27
A8: 40151 | B8: 2009 | C8: 12 | D8: =IF(MONTH(A8)>=4,"FY "&YEAR(A8)&"-"&RIGHT(YEAR(A8)+1,2),"FY "&(YEAR(A8)-1)&"-"&RIGHT(YEAR(A8),2)) -> FY 2009-10 | E8: Primary market & others | F8: 0.3 | G8: 0.1 | H8: 0.2 | I8: 0.04 | J8: 46.22
A9: 40154 | B9: 2009 | C9: 12 | D9: =IF(MONTH(A9)>=4,"FY "&YEAR(A9)&"-"&RIGHT(YEAR(A9)+1,2),"FY "&(YEAR(A9)-1)&"-"&RIGHT(YEAR(A9),2)) -> FY 2009-10 | E9: Primary market & others | F9: 170.8 | G9: 14.9 | H9: 155.9 | I9: 33.7 | J9: 46.25
A10: 40155 | B10: 2009 | C10: 12 | D10: =IF(MONTH(A10)>=4,"FY "&YEAR(A10)&"-"&RIGHT(YEAR(A10)+1,2),"FY "&(YEAR(A10)-1)&"-"&RIGHT(YEAR(A10),2)) -> FY 2009-10 | E10: Primary market & others | F10: 0.1 | G10: 20.9 | H10: -20.8 | I10: -4.48 | J10: 46.44
A11: 40156 | B11: 2009 | C11: 12 | D11: =IF(MONTH(A11)>=4,"FY "&YEAR(A11)&"-"&RIGHT(YEAR(A11)+1,2),"FY "&(YEAR(A11)-1)&"-"&RIGHT(YEAR(A11),2)) -> FY 2009-10 | E11: Primary market & others | F11: 44.1 | G11: 0 | H11: 44.1 | I11: 9.45 | J11: 46.67
A12: 40157 | B12: 2009 | C12: 12 | D12: =IF(MONTH(A12)>=4,"FY "&YEAR(A12)&"-"&RIGHT(YEAR(A12)+1,2),"FY "&(YEAR(A12)-1)&"-"&RIGHT(YEAR(A12),2)) -> FY 2009-10 | E12: Primary market & others | F12: 1.1 | G12: 12.4 | H12: -11.3 | I12: -2.41 | J12: 46.77
A13: 40158 | B13: 2009 | C13: 12 | D13: =IF(MONTH(A13)>=4,"FY "&YEAR(A13)&"-"&RIGHT(YEAR(A13)+1,2),"FY "&(YEAR(A13)-1)&"-"&RIGHT(YEAR(A13),2)) -> FY 2009-10 | E13: Primary market & others | F13: 1 | G13: 12.3 | H13: -11.3 | I13: -2.42 | J13: 46.72
A14: 40161 | B14: 2009 | C14: 12 | D14: =IF(MONTH(A14)>=4,"FY "&YEAR(A14)&"-"&RIGHT(YEAR(A14)+1,2),"FY "&(YEAR(A14)-1)&"-"&RIGHT(YEAR(A14),2)) -> FY 2009-10 | E14: Primary market & others | F14: 1.1 | G14: 55.2 | H14: -54.1 | I14: -11.62 | J14: 46.52
A15: 40162 | B15: 2009 | C15: 12 | D15: =IF(MONTH(A15)>=4,"FY "&YEAR(A15)&"-"&RIGHT(YEAR(A15)+1,2),"FY "&(YEAR(A15)-1)&"-"&RIGHT(YEAR(A15),2)) -> FY 2009-10 | E15: Primary market & others | F15: 1 | G15: 1.1 | H15: -0.1 | I15: -0.01 | J15: 46.66
A16: 40163 | B16: 2009 | C16: 12 | D16: =IF(MONTH(A16)>=4,"FY "&YEAR(A16)&"-"&RIGHT(YEAR(A16)+1,2),"FY "&(YEAR(A16)-1)&"-"&RIGHT(YEAR(A16),2)) -> FY 2009-10 | E16: Primary market & others | F16: 10.4 | G16: 14.6 | H16: -4.2 | I16: -0.89 | J16: 46.64
... A2450: 43861 | B2450: 2020 | C2450: 1 | D2450: =IF(MONTH(A2450)>=4,"FY "&YEAR(A2450)&"-"&RIGHT(YEAR(A2450)+1,2),"FY "&(YEAR(A2450)-1)&"-"&RIGHT(YEAR(A2450),2)) -> FY 2019-20 | E2450: Primary market & others | F2450: 533.25 | G2450: 2.94 | H2450: 530.31 | I2450: 74.19 | J2450: 71.4772

Sheet Combined
A1: Combined - Total vs Stock Exchange + Primary (all formulas)
A2: Black = formula, green = link to another sheet, yellow = editable tolerance. FY = Indian financial year (Apr-Mar). Route columns are blank before NSDL started publishing the split. Hidden helper columns V:W hold each date's row in the two route sheets. | R2: Check tolerance (Rs Cr): | T2: 0.1
F3: TOTAL | J3: STOCK EXCHANGE | N3: PRIMARY MARKET & OTHERS | R3: CHECK | Y3: SUMMARY BY CALENDAR YEAR | AJ3: SUMMARY BY FINANCIAL YEAR (Apr-Mar)
A4: Date | B4: Year | C4: Month | D4: FY | E4: Route split published? | F4: Gross Purchases (Rs Cr) | G4: Gross Sales (Rs Cr) | H4: Net (Rs Cr) | I4: Net (US$ mn) | J4: Gross Purchases (Rs Cr) | K4: Gross Sales (Rs Cr) | L4: Net (Rs Cr) | M4: Net (US$ mn) | N4: Gross Purchases (Rs Cr) | O4: Gross Sales (Rs Cr) | P4: Net (Rs Cr) | Q4: Net (US$ mn) | R4: Stock Exch + Primary Net (Rs Cr) | S4: Total Net - (SE + Primary) (Rs Cr) | T4: Check | U4: USD/INR Rate | V4: SE row (helper) | W4: Primary row (helper) | Y4: Year | Z4: Reporting days | AA4: Days with route split | AB4: Total Net (Rs Cr) | AC4: Total Net on split days (Rs Cr) | AD4: Stock Exch Net (Rs Cr) | AE4: Primary Net (Rs Cr) | AF4: SE + Primary Net (Rs Cr) | AG4: Difference (Rs Cr) | AH4: Total Net (US$ mn) | AJ4: FY | AK4: Reporting days | AL4: Days with route split | AM4: Total Net (Rs Cr) | AN4: Total Net on split days (Rs Cr) | AO4: Stock Exch Net (Rs Cr) | AP4: Primary Net (Rs Cr) | AQ4: SE + Primary Net (Rs Cr) | AR4: Difference (Rs Cr) | AS4: Total Net (US$ mn)
A5: =Total!A5 -> 36892 | B5: =YEAR(A5) -> 2001 | C5: =MONTH(A5) -> 1 | D5: =IF(MONTH(A5)>=4,"FY "&YEAR(A5)&"-"&RIGHT(YEAR(A5)+1,2),"FY "&(YEAR(A5)-1)&"-"&RIGHT(YEAR(A5),2)) -> FY 2000-01 | E5: =IF(AND(V5<>"",W5<>""),"Yes","No") -> No | F5: =Total!F5 -> 522.4 | G5: =Total!G5 -> 189.5 | H5: =Total!H5 -> 332.9 | I5: =Total!I5 -> 71.2 | J5: =IF($V5="","",INDEX('Stock Exchange'!F$5:F$2450,$V5)) | K5: =IF($V5="","",INDEX('Stock Exchange'!G$5:G$2450,$V5)) | L5: =IF($V5="","",INDEX('Stock Exchange'!H$5:H$2450,$V5)) | M5: =IF($V5="","",INDEX('Stock Exchange'!I$5:I$2450,$V5)) | N5: =IF($W5="","",INDEX(Primary!F$5:F$2450,$W5)) | O5: =IF($W5="","",INDEX(Primary!G$5:G$2450,$W5)) | P5: =IF($W5="","",INDEX(Primary!H$5:H$2450,$W5)) | Q5: =IF($W5="","",INDEX(Primary!I$5:I$2450,$W5)) | R5: =IF($E5="Yes",L5+P5,"") | S5: =IF($E5="Yes",H5-R5,"") | T5: =IF($E5="Yes",IF(ROUND(ABS(S5),2)<=$T$2,"OK","CHECK"),"n/a") -> n/a | U5: =Total!J5 -> 46.75 | V5: =IFERROR(MATCH($A5,'Stock Exchange'!$A$5:$A$2450,0),"") | W5: =IFERROR(MATCH($A5,Primary!$A$5:$A$2450,0),"") | Y5: 2001 | Z5: =COUNTIFS($B$5:$B$4664,Y5) -> 248 | AA5: =COUNTIFS($B$5:$B$4664,Y5,$E$5:$E$4664,"Yes") -> 0 | AB5: =SUMIFS($H$5:$H$4664,$B$5:$B$4664,Y5) -> 13128.2 | AC5: =SUMIFS($H$5:$H$4664,$B$5:$B$4664,Y5,$E$5:$E$4664,"Yes") -> 0 | AD5: =SUMIFS($L$5:$L$4664,$B$5:$B$4664,Y5) -> 0 | AE5: =SUMIFS($P$5:$P$4664,$B$5:$B$4664,Y5) -> 0 | AF5: =AD5+AE5 -> 0 | AG5: =AC5-AF5 -> 0 | AH5: =SUMIFS($I$5:$I$4664,$B$5:$B$4664,Y5) -> 2806.2 | AJ5: FY 2000-01 | AK5: =COUNTIFS($D$5:$D$4664,AJ5) -> 63 | AL5: =COUNTIFS($D$5:$D$4664,AJ5,$E$5:$E$4664,"Yes") -> 0 | AM5: =SUMIFS($H$5:$H$4664,$D$5:$D$4664,AJ5) -> 7837 | AN5: =SUMIFS($H$5:$H$4664,$D$5:$D$4664,AJ5,$E$5:$E$4664,"Yes") -> 0 | AO5: =SUMIFS($L$5:$L$4664,$D$5:$D$4664,AJ5) -> 0 | AP5: =SUMIFS($P$5:$P$4664,$D$5:$D$4664,AJ5) -> 0 | AQ5: =AO5+AP5 -> 0 | AR5: =AN5-AQ5 -> 0 | AS5: =SUMIFS($I$5:$I$4664,$D$5:$D$4664,AJ5) -> 1682.7
A6: =Total!A6 -> 36893 | B6: =YEAR(A6) -> 2001 | C6: =MONTH(A6) -> 1 | D6: =IF(MONTH(A6)>=4,"FY "&YEAR(A6)&"-"&RIGHT(YEAR(A6)+1,2),"FY "&(YEAR(A6)-1)&"-"&RIGHT(YEAR(A6),2)) -> FY 2000-01 | E6: =IF(AND(V6<>"",W6<>""),"Yes","No") -> No | F6: =Total!F6 -> 83 | G6: =Total!G6 -> 8.2 | H6: =Total!H6 -> 74.8 | I6: =Total!I6 -> 16 | J6: =IF($V6="","",INDEX('Stock Exchange'!F$5:F$2450,$V6)) | K6: =IF($V6="","",INDEX('Stock Exchange'!G$5:G$2450,$V6)) | L6: =IF($V6="","",INDEX('Stock Exchange'!H$5:H$2450,$V6)) | M6: =IF($V6="","",INDEX('Stock Exchange'!I$5:I$2450,$V6)) | N6: =IF($W6="","",INDEX(Primary!F$5:F$2450,$W6)) | O6: =IF($W6="","",INDEX(Primary!G$5:G$2450,$W6)) | P6: =IF($W6="","",INDEX(Primary!H$5:H$2450,$W6)) | Q6: =IF($W6="","",INDEX(Primary!I$5:I$2450,$W6)) | R6: =IF($E6="Yes",L6+P6,"") | S6: =IF($E6="Yes",H6-R6,"") | T6: =IF($E6="Yes",IF(ROUND(ABS(S6),2)<=$T$2,"OK","CHECK"),"n/a") -> n/a | U6: =Total!J6 -> 46.66 | V6: =IFERROR(MATCH($A6,'Stock Exchange'!$A$5:$A$2450,0),"") | W6: =IFERROR(MATCH($A6,Primary!$A$5:$A$2450,0),"") | Y6: 2002 | Z6: =COUNTIFS($B$5:$B$4664,Y6) -> 252 | AA6: =COUNTIFS($B$5:$B$4664,Y6,$E$5:$E$4664,"Yes") -> 0 | AB6: =SUMIFS($H$5:$H$4664,$B$5:$B$4664,Y6) -> 3629.6 | AC6: =SUMIFS($H$5:$H$4664,$B$5:$B$4664,Y6,$E$5:$E$4664,"Yes") -> 0 | AD6: =SUMIFS($L$5:$L$4664,$B$5:$B$4664,Y6) -> 0 | AE6: =SUMIFS($P$5:$P$4664,$B$5:$B$4664,Y6) -> 0 | AF6: =AD6+AE6 -> 0 | AG6: =AC6-AF6 -> 0 | AH6: =SUMIFS($I$5:$I$4664,$B$5:$B$4664,Y6) -> 749.4 | AJ6: FY 2001-02 | AK6: =COUNTIFS($D$5:$D$4664,AJ6) -> 247 | AL6: =COUNTIFS($D$5:$D$4664,AJ6,$E$5:$E$4664,"Yes") -> 0 | AM6: =SUMIFS($H$5:$H$4664,$D$5:$D$4664,AJ6) -> 8072.2 | AN6: =SUMIFS($H$5:$H$4664,$D$5:$D$4664,AJ6,$E$5:$E$4664,"Yes") -> 0 | AO6: =SUMIFS($L$5:$L$4664,$D$5:$D$4664,AJ6) -> 0 | AP6: =SUMIFS($P$5:$P$4664,$D$5:$D$4664,AJ6) -> 0 | AQ6: =AO6+AP6 -> 0 | AR6: =AN6-AQ6 -> 0 | AS6: =SUMIFS($I$5:$I$4664,$D$5:$D$4664,AJ6) -> 1695.4
A7: =Total!A7 -> 36894 | B7: =YEAR(A7) -> 2001 | C7: =MONTH(A7) -> 1 | D7: =IF(MONTH(A7)>=4,"FY "&YEAR(A7)&"-"&RIGHT(YEAR(A7)+1,2),"FY "&(YEAR(A7)-1)&"-"&RIGHT(YEAR(A7),2)) -> FY 2000-01 | E7: =IF(AND(V7<>"",W7<>""),"Yes","No") -> No | F7: =Total!F7 -> 267.3 | G7: =Total!G7 -> 63.8 | H7: =Total!H7 -> 203.5 | I7: =Total!I7 -> 43.6 | J7: =IF($V7="","",INDEX('Stock Exchange'!F$5:F$2450,$V7)) | K7: =IF($V7="","",INDEX('Stock Exchange'!G$5:G$2450,$V7)) | L7: =IF($V7="","",INDEX('Stock Exchange'!H$5:H$2450,$V7)) | M7: =IF($V7="","",INDEX('Stock Exchange'!I$5:I$2450,$V7)) | N7: =IF($W7="","",INDEX(Primary!F$5:F$2450,$W7)) | O7: =IF($W7="","",INDEX(Primary!G$5:G$2450,$W7)) | P7: =IF($W7="","",INDEX(Primary!H$5:H$2450,$W7)) | Q7: =IF($W7="","",INDEX(Primary!I$5:I$2450,$W7)) | R7: =IF($E7="Yes",L7+P7,"") | S7: =IF($E7="Yes",H7-R7,"") | T7: =IF($E7="Yes",IF(ROUND(ABS(S7),2)<=$T$2,"OK","CHECK"),"n/a") -> n/a | U7: =Total!J7 -> 46.69 | V7: =IFERROR(MATCH($A7,'Stock Exchange'!$A$5:$A$2450,0),"") | W7: =IFERROR(MATCH($A7,Primary!$A$5:$A$2450,0),"") | Y7: 2003 | Z7: =COUNTIFS($B$5:$B$4664,Y7) -> 251 | AA7: =COUNTIFS($B$5:$B$4664,Y7,$E$5:$E$4664,"Yes") -> 0 | AB7: =SUMIFS($H$5:$H$4664,$B$5:$B$4664,Y7) -> 30458 | AC7: =SUMIFS($H$5:$H$4664,$B$5:$B$4664,Y7,$E$5:$E$4664,"Yes") -> 0 | AD7: =SUMIFS($L$5:$L$4664,$B$5:$B$4664,Y7) -> 0 | AE7: =SUMIFS($P$5:$P$4664,$B$5:$B$4664,Y7) -> 0 | AF7: =AD7+AE7 -> 0 | AG7: =AC7-AF7 -> 0 | AH7: =SUMIFS($I$5:$I$4664,$B$5:$B$4664,Y7) -> 6628.5 | AJ7: FY 2002-03 | AK7: =COUNTIFS($D$5:$D$4664,AJ7) -> 251 | AL7: =COUNTIFS($D$5:$D$4664,AJ7,$E$5:$E$4664,"Yes") -> 0 | AM7: =SUMIFS($H$5:$H$4664,$D$5:$D$4664,AJ7) -> 2526.8 | AN7: =SUMIFS($H$5:$H$4664,$D$5:$D$4664,AJ7,$E$5:$E$4664,"Yes") -> 0 | AO7: =SUMIFS($L$5:$L$4664,$D$5:$D$4664,AJ7) -> 0 | AP7: =SUMIFS($P$5:$P$4664,$D$5:$D$4664,AJ7) -> 0 | AQ7: =AO7+AP7 -> 0 | AR7: =AN7-AQ7 -> 0 | AS7: =SUMIFS($I$5:$I$4664,$D$5:$D$4664,AJ7) -> 528.7
A8: =Total!A8 -> 36895 | B8: =YEAR(A8) -> 2001 | C8: =MONTH(A8) -> 1 | D8: =IF(MONTH(A8)>=4,"FY "&YEAR(A8)&"-"&RIGHT(YEAR(A8)+1,2),"FY "&(YEAR(A8)-1)&"-"&RIGHT(YEAR(A8),2)) -> FY 2000-01 | E8: =IF(AND(V8<>"",W8<>""),"Yes","No") -> No | F8: =Total!F8 -> 264.8 | G8: =Total!G8 -> 236 | H8: =Total!H8 -> 28.8 | I8: =Total!I8 -> 6.2 | J8: =IF($V8="","",INDEX('Stock Exchange'!F$5:F$2450,$V8)) | K8: =IF($V8="","",INDEX('Stock Exchange'!G$5:G$2450,$V8)) | L8: =IF($V8="","",INDEX('Stock Exchange'!H$5:H$2450,$V8)) | M8: =IF($V8="","",INDEX('Stock Exchange'!I$5:I$2450,$V8)) | N8: =IF($W8="","",INDEX(Primary!F$5:F$2450,$W8)) | O8: =IF($W8="","",INDEX(Primary!G$5:G$2450,$W8)) | P8: =IF($W8="","",INDEX(Primary!H$5:H$2450,$W8)) | Q8: =IF($W8="","",INDEX(Primary!I$5:I$2450,$W8)) | R8: =IF($E8="Yes",L8+P8,"") | S8: =IF($E8="Yes",H8-R8,"") | T8: =IF($E8="Yes",IF(ROUND(ABS(S8),2)<=$T$2,"OK","CHECK"),"n/a") -> n/a | U8: =Total!J8 -> 46.7 | V8: =IFERROR(MATCH($A8,'Stock Exchange'!$A$5:$A$2450,0),"") | W8: =IFERROR(MATCH($A8,Primary!$A$5:$A$2450,0),"") | Y8: 2004 | Z8: =COUNTIFS($B$5:$B$4664,Y8) -> 253 | AA8: =COUNTIFS($B$5:$B$4664,Y8,$E$5:$E$4664,"Yes") -> 0 | AB8: =SUMIFS($H$5:$H$4664,$B$5:$B$4664,Y8) -> 38965.3 | AC8: =SUMIFS($H$5:$H$4664,$B$5:$B$4664,Y8,$E$5:$E$4664,"Yes") -> 0 | AD8: =SUMIFS($L$5:$L$4664,$B$5:$B$4664,Y8) -> 0 | AE8: =SUMIFS($P$5:$P$4664,$B$5:$B$4664,Y8) -> 0 | AF8: =AD8+AE8 -> 0 | AG8: =AC8-AF8 -> 0 | AH8: =SUMIFS($I$5:$I$4664,$B$5:$B$4664,Y8) -> 8669.1 | AJ8: FY 2003-04 | AK8: =COUNTIFS($D$5:$D$4664,AJ8) -> 252 | AL8: =COUNTIFS($D$5:$D$4664,AJ8,$E$5:$E$4664,"Yes") -> 0 | AM8: =SUMIFS($H$5:$H$4664,$D$5:$D$4664,AJ8) -> 39958.4 | AN8: =SUMIFS($H$5:$H$4664,$D$5:$D$4664,AJ8,$E$5:$E$4664,"Yes") -> 0 | AO8: =SUMIFS($L$5:$L$4664,$D$5:$D$4664,AJ8) -> 0 | AP8: =SUMIFS($P$5:$P$4664,$D$5:$D$4664,AJ8) -> 0 | AQ8: =AO8+AP8 -> 0 | AR8: =AN8-AQ8 -> 0 | AS8: =SUMIFS($I$5:$I$4664,$D$5:$D$4664,AJ8) -> 8751
A9: =Total!A9 -> 36896 | B9: =YEAR(A9) -> 2001 | C9: =MONTH(A9) -> 1 | D9: =IF(MONTH(A9)>=4,"FY "&YEAR(A9)&"-"&RIGHT(YEAR(A9)+1,2),"FY "&(YEAR(A9)-1)&"-"&RIGHT(YEAR(A9),2)) -> FY 2000-01 | E9: =IF(AND(V9<>"",W9<>""),"Yes","No") -> No | F9: =Total!F9 -> 556 | G9: =Total!G9 -> 225.8 | H9: =Total!H9 -> 330.2 | I9: =Total!I9 -> 70.7 | J9: =IF($V9="","",INDEX('Stock Exchange'!F$5:F$2450,$V9)) | K9: =IF($V9="","",INDEX('Stock Exchange'!G$5:G$2450,$V9)) | L9: =IF($V9="","",INDEX('Stock Exchange'!H$5:H$2450,$V9)) | M9: =IF($V9="","",INDEX('Stock Exchange'!I$5:I$2450,$V9)) | N9: =IF($W9="","",INDEX(Primary!F$5:F$2450,$W9)) | O9: =IF($W9="","",INDEX(Primary!G$5:G$2450,$W9)) | P9: =IF($W9="","",INDEX(Primary!H$5:H$2450,$W9)) | Q9: =IF($W9="","",INDEX(Primary!I$5:I$2450,$W9)) | R9: =IF($E9="Yes",L9+P9,"") | S9: =IF($E9="Yes",H9-R9,"") | T9: =IF($E9="Yes",IF(ROUND(ABS(S9),2)<=$T$2,"OK","CHECK"),"n/a") -> n/a | U9: =Total!J9 -> 46.74 | V9: =IFERROR(MATCH($A9,'Stock Exchange'!$A$5:$A$2450,0),"") | W9: =IFERROR(MATCH($A9,Primary!$A$5:$A$2450,0),"") | Y9: 2005 | Z9: =COUNTIFS($B$5:$B$4664,Y9) -> 251 | AA9: =COUNTIFS($B$5:$B$4664,Y9,$E$5:$E$4664,"Yes") -> 0 | AB9: =SUMIFS($H$5:$H$4664,$B$5:$B$4664,Y9) -> 47181.7 | AC9: =SUMIFS($H$5:$H$4664,$B$5:$B$4664,Y9,$E$5:$E$4664,"Yes") -> 0 | AD9: =SUMIFS($L$5:$L$4664,$B$5:$B$4664,Y9) -> 0 | AE9: =SUMIFS($P$5:$P$4664,$B$5:$B$4664,Y9) -> 0 | AF9: =AD9+AE9 -> 0 | AG9: =AC9-AF9 -> 0 | AH9: =SUMIFS($I$5:$I$4664,$B$5:$B$4664,Y9) -> 10705.3 | AJ9: FY 2004-05 | AK9: =COUNTIFS($D$5:$D$4664,AJ9) -> 252 | AL9: =COUNTIFS($D$5:$D$4664,AJ9,$E$5:$E$4664,"Yes") -> 0 | AM9: =SUMIFS($H$5:$H$4664,$D$5:$D$4664,AJ9) -> 44122.3 | AN9: =SUMIFS($H$5:$H$4664,$D$5:$D$4664,AJ9,$E$5:$E$4664,"Yes") -> 0 | AO9: =SUMIFS($L$5:$L$4664,$D$5:$D$4664,AJ9) -> 0 | AP9: =SUMIFS($P$5:$P$4664,$D$5:$D$4664,AJ9) -> 0 | AQ9: =AO9+AP9 -> 0 | AR9: =AN9-AQ9 -> 0 | AS9: =SUMIFS($I$5:$I$4664,$D$5:$D$4664,AJ9) -> 9938.6
A10: =Total!A10 -> 36899 | B10: =YEAR(A10) -> 2001 | C10: =MONTH(A10) -> 1 | D10: =IF(MONTH(A10)>=4,"FY "&YEAR(A10)&"-"&RIGHT(YEAR(A10)+1,2),"FY "&(YEAR(A10)-1)&"-"&RIGHT(YEAR(A10),2)) -> FY 2000-01 | E10: =IF(AND(V10<>"",W10<>""),"Yes","No") -> No | F10: =Total!F10 -> 438.4 | G10: =Total!G10 -> 115.2 | H10: =Total!H10 -> 323.2 | I10: =Total!I10 -> 69.2 | J10: =IF($V10="","",INDEX('Stock Exchange'!F$5:F$2450,$V10)) | K10: =IF($V10="","",INDEX('Stock Exchange'!G$5:G$2450,$V10)) | L10: =IF($V10="","",INDEX('Stock Exchange'!H$5:H$2450,$V10)) | M10: =IF($V10="","",INDEX('Stock Exchange'!I$5:I$2450,$V10)) | N10: =IF($W10="","",INDEX(Primary!F$5:F$2450,$W10)) | O10: =IF($W10="","",INDEX(Primary!G$5:G$2450,$W10)) | P10: =IF($W10="","",INDEX(Primary!H$5:H$2450,$W10)) | Q10: =IF($W10="","",INDEX(Primary!I$5:I$2450,$W10)) | R10: =IF($E10="Yes",L10+P10,"") | S10: =IF($E10="Yes",H10-R10,"") | T10: =IF($E10="Yes",IF(ROUND(ABS(S10),2)<=$T$2,"OK","CHECK"),"n/a") -> n/a | U10: =Total!J10 -> 46.74 | V10: =IFERROR(MATCH($A10,'Stock Exchange'!$A$5:$A$2450,0),"") | W10: =IFERROR(MATCH($A10,Primary!$A$5:$A$2450,0),"") | Y10: 2006 | Z10: =COUNTIFS($B$5:$B$4664,Y10) -> 249 | AA10: =COUNTIFS($B$5:$B$4664,Y10,$E$5:$E$4664,"Yes") -> 0 | AB10: =SUMIFS($H$5:$H$4664,$B$5:$B$4664,Y10) -> 36540 | AC10: =SUMIFS($H$5:$H$4664,$B$5:$B$4664,Y10,$E$5:$E$4664,"Yes") -> 0 | AD10: =SUMIFS($L$5:$L$4664,$B$5:$B$4664,Y10) -> 0 | AE10: =SUMIFS($P$5:$P$4664,$B$5:$B$4664,Y10) -> 0 | AF10: =AD10+AE10 -> 0 | AG10: =AC10-AF10 -> 0 | AH10: =SUMIFS($I$5:$I$4664,$B$5:$B$4664,Y10) -> 8106.3 | AJ10: FY 2005-06 | AK10: =COUNTIFS($D$5:$D$4664,AJ10) -> 251 | AL10: =COUNTIFS($D$5:$D$4664,AJ10,$E$5:$E$4664,"Yes") -> 0 | AM10: =SUMIFS($H$5:$H$4664,$D$5:$D$4664,AJ10) -> 48800.3 | AN10: =SUMIFS($H$5:$H$4664,$D$5:$D$4664,AJ10,$E$5:$E$4664,"Yes") -> 0 | AO10: =SUMIFS($L$5:$L$4664,$D$5:$D$4664,AJ10) -> 0 | AP10: =SUMIFS($P$5:$P$4664,$D$5:$D$4664,AJ10) -> 0 | AQ10: =AO10+AP10 -> 0 | AR10: =AN10-AQ10 -> 0 | AS10: =SUMIFS($I$5:$I$4664,$D$5:$D$4664,AJ10) -> 10998.4
A11: =Total!A11 -> 36900 | B11: =YEAR(A11) -> 2001 | C11: =MONTH(A11) -> 1 | D11: =IF(MONTH(A11)>=4,"FY "&YEAR(A11)&"-"&RIGHT(YEAR(A11)+1,2),"FY "&(YEAR(A11)-1)&"-"&RIGHT(YEAR(A11),2)) -> FY 2000-01 | E11: =IF(AND(V11<>"",W11<>""),"Yes","No") -> No | F11: =Total!F11 -> 172 | G11: =Total!G11 -> 141.5 | H11: =Total!H11 -> 30.5 | I11: =Total!I11 -> 6.5 | J11: =IF($V11="","",INDEX('Stock Exchange'!F$5:F$2450,$V11)) | K11: =IF($V11="","",INDEX('Stock Exchange'!G$5:G$2450,$V11)) | L11: =IF($V11="","",INDEX('Stock Exchange'!H$5:H$2450,$V11)) | M11: =IF($V11="","",INDEX('Stock Exchange'!I$5:I$2450,$V11)) | N11: =IF($W11="","",INDEX(Primary!F$5:F$2450,$W11)) | O11: =IF($W11="","",INDEX(Primary!G$5:G$2450,$W11)) | P11: =IF($W11="","",INDEX(Primary!H$5:H$2450,$W11)) | Q11: =IF($W11="","",INDEX(Primary!I$5:I$2450,$W11)) | R11: =IF($E11="Yes",L11+P11,"") | S11: =IF($E11="Yes",H11-R11,"") | T11: =IF($E11="Yes",IF(ROUND(ABS(S11),2)<=$T$2,"OK","CHECK"),"n/a") -> n/a | U11: =Total!J11 -> 46.69 | V11: =IFERROR(MATCH($A11,'Stock Exchange'!$A$5:$A$2450,0),"") | W11: =IFERROR(MATCH($A11,Primary!$A$5:$A$2450,0),"") | Y11: 2007 | Z11: =COUNTIFS($B$5:$B$4664,Y11) -> 245 | AA11: =COUNTIFS($B$5:$B$4664,Y11,$E$5:$E$4664,"Yes") -> 0 | AB11: =SUMIFS($H$5:$H$4664,$B$5:$B$4664,Y11) -> 71486.2 | AC11: =SUMIFS($H$5:$H$4664,$B$5:$B$4664,Y11,$E$5:$E$4664,"Yes") -> 0 | AD11: =SUMIFS($L$5:$L$4664,$B$5:$B$4664,Y11) -> 0 | AE11: =SUMIFS($P$5:$P$4664,$B$5:$B$4664,Y11) -> 0 | AF11: =AD11+AE11 -> 0 | AG11: =AC11-AF11 -> 0 | AH11: =SUMIFS($I$5:$I$4664,$B$5:$B$4664,Y11) -> 17655.2 | AJ11: FY 2006-07 | AK11: =COUNTIFS($D$5:$D$4664,AJ11) -> 246 | AL11: =COUNTIFS($D$5:$D$4664,AJ11,$E$5:$E$4664,"Yes") -> 0 | AM11: =SUMIFS($H$5:$H$4664,$D$5:$D$4664,AJ11) -> 25235.4 | AN11: =SUMIFS($H$5:$H$4664,$D$5:$D$4664,AJ11,$E$5:$E$4664,"Yes") -> 0 | AO11: =SUMIFS($L$5:$L$4664,$D$5:$D$4664,AJ11) -> 0 | AP11: =SUMIFS($P$5:$P$4664,$D$5:$D$4664,AJ11) -> 0 | AQ11: =AO11+AP11 -> 0 | AR11: =AN11-AQ11 -> 0 | AS11: =SUMIFS($I$5:$I$4664,$D$5:$D$4664,AJ11) -> 5588.9
A12: =Total!A12 -> 36901 | B12: =YEAR(A12) -> 2001 | C12: =MONTH(A12) -> 1 | D12: =IF(MONTH(A12)>=4,"FY "&YEAR(A12)&"-"&RIGHT(YEAR(A12)+1,2),"FY "&(YEAR(A12)-1)&"-"&RIGHT(YEAR(A12),2)) -> FY 2000-01 | E12: =IF(AND(V12<>"",W12<>""),"Yes","No") -> No | F12: =Total!F12 -> 294.4 | G12: =Total!G12 -> 122.5 | H12: =Total!H12 -> 171.9 | I12: =Total!I12 -> 36.8 | J12: =IF($V12="","",INDEX('Stock Exchange'!F$5:F$2450,$V12)) | K12: =IF($V12="","",INDEX('Stock Exchange'!G$5:G$2450,$V12)) | L12: =IF($V12="","",INDEX('Stock Exchange'!H$5:H$2450,$V12)) | M12: =IF($V12="","",INDEX('Stock Exchange'!I$5:I$2450,$V12)) | N12: =IF($W12="","",INDEX(Primary!F$5:F$2450,$W12)) | O12: =IF($W12="","",INDEX(Primary!G$5:G$2450,$W12)) | P12: =IF($W12="","",INDEX(Primary!H$5:H$2450,$W12)) | Q12: =IF($W12="","",INDEX(Primary!I$5:I$2450,$W12)) | R12: =IF($E12="Yes",L12+P12,"") | S12: =IF($E12="Yes",H12-R12,"") | T12: =IF($E12="Yes",IF(ROUND(ABS(S12),2)<=$T$2,"OK","CHECK"),"n/a") -> n/a | U12: =Total!J12 -> 46.66 | V12: =IFERROR(MATCH($A12,'Stock Exchange'!$A$5:$A$2450,0),"") | W12: =IFERROR(MATCH($A12,Primary!$A$5:$A$2450,0),"") | Y12: 2008 | Z12: =COUNTIFS($B$5:$B$4664,Y12) -> 244 | AA12: =COUNTIFS($B$5:$B$4664,Y12,$E$5:$E$4664,"Yes") -> 0 | AB12: =SUMIFS($H$5:$H$4664,$B$5:$B$4664,Y12) -> -52987.2 | AC12: =SUMIFS($H$5:$H$4664,$B$5:$B$4664,Y12,$E$5:$E$4664,"Yes") -> 0 | AD12: =SUMIFS($L$5:$L$4664,$B$5:$B$4664,Y12) -> 0 | AE12: =SUMIFS($P$5:$P$4664,$B$5:$B$4664,Y12) -> 0 | AF12: =AD12+AE12 -> 0 | AG12: =AC12-AF12 -> 0 | AH12: =SUMIFS($I$5:$I$4664,$B$5:$B$4664,Y12) -> -11974.1 | AJ12: FY 2007-08 | AK12: =COUNTIFS($D$5:$D$4664,AJ12) -> 248 | AL12: =COUNTIFS($D$5:$D$4664,AJ12,$E$5:$E$4664,"Yes") -> 0 | AM12: =SUMIFS($H$5:$H$4664,$D$5:$D$4664,AJ12) -> 53403.8 | AN12: =SUMIFS($H$5:$H$4664,$D$5:$D$4664,AJ12,$E$5:$E$4664,"Yes") -> 0 | AO12: =SUMIFS($L$5:$L$4664,$D$5:$D$4664,AJ12) -> 0 | AP12: =SUMIFS($P$5:$P$4664,$D$5:$D$4664,AJ12) -> 0 | AQ12: =AO12+AP12 -> 0 | AR12: =AN12-AQ12 -> 0 | AS12: =SUMIFS($I$5:$I$4664,$D$5:$D$4664,AJ12) -> 13242.8
A13: =Total!A13 -> 36902 | B13: =YEAR(A13) -> 2001 | C13: =MONTH(A13) -> 1 | D13: =IF(MONTH(A13)>=4,"FY "&YEAR(A13)&"-"&RIGHT(YEAR(A13)+1,2),"FY "&(YEAR(A13)-1)&"-"&RIGHT(YEAR(A13),2)) -> FY 2000-01 | E13: =IF(AND(V13<>"",W13<>""),"Yes","No") -> No | F13: =Total!F13 -> 295 | G13: =Total!G13 -> 201.6 | H13: =Total!H13 -> 93.4 | I13: =Total!I13 -> 20 | J13: =IF($V13="","",INDEX('Stock Exchange'!F$5:F$2450,$V13)) | K13: =IF($V13="","",INDEX('Stock Exchange'!G$5:G$2450,$V13)) | L13: =IF($V13="","",INDEX('Stock Exchange'!H$5:H$2450,$V13)) | M13: =IF($V13="","",INDEX('Stock Exchange'!I$5:I$2450,$V13)) | N13: =IF($W13="","",INDEX(Primary!F$5:F$2450,$W13)) | O13: =IF($W13="","",INDEX(Primary!G$5:G$2450,$W13)) | P13: =IF($W13="","",INDEX(Primary!H$5:H$2450,$W13)) | Q13: =IF($W13="","",INDEX(Primary!I$5:I$2450,$W13)) | R13: =IF($E13="Yes",L13+P13,"") | S13: =IF($E13="Yes",H13-R13,"") | T13: =IF($E13="Yes",IF(ROUND(ABS(S13),2)<=$T$2,"OK","CHECK"),"n/a") -> n/a | U13: =Total!J13 -> 46.61 | V13: =IFERROR(MATCH($A13,'Stock Exchange'!$A$5:$A$2450,0),"") | W13: =IFERROR(MATCH($A13,Primary!$A$5:$A$2450,0),"") | Y13: 2009 | Z13: =COUNTIFS($B$5:$B$4664,Y13) -> 242 | AA13: =COUNTIFS($B$5:$B$4664,Y13,$E$5:$E$4664,"Yes") -> 21 | AB13: =SUMIFS($H$5:$H$4664,$B$5:$B$4664,Y13) -> 83424.2 | AC13: =SUMIFS($H$5:$H$4664,$B$5:$B$4664,Y13,$E$5:$E$4664,"Yes") -> 10233.1 | AD13: =SUMIFS($L$5:$L$4664,$B$5:$B$4664,Y13) -> 6767.5 | AE13: =SUMIFS($P$5:$P$4664,$B$5:$B$4664,Y13) -> 3465.8 | AF13: =AD13+AE13 -> 10233.3 | AG13: =AC13-AF13 -> -0.2 | AH13: =SUMIFS($I$5:$I$4664,$B$5:$B$4664,Y13) -> 17457.34 | AJ13: FY 2008-09 | AK13: =COUNTIFS($D$5:$D$4664,AJ13) -> 242 | AL13: =COUNTIFS($D$5:$D$4664,AJ13,$E$5:$E$4664,"Yes") -> 0 | AM13: =SUMIFS($H$5:$H$4664,$D$5:$D$4664,AJ13) -> -47706.1 | AN13: =SUMIFS($H$5:$H$4664,$D$5:$D$4664,AJ13,$E$5:$E$4664,"Yes") -> 0 | AO13: =SUMIFS($L$5:$L$4664,$D$5:$D$4664,AJ13) -> 0 | AP13: =SUMIFS($P$5:$P$4664,$D$5:$D$4664,AJ13) -> 0 | AQ13: =AO13+AP13 -> 0 | AR13: =AN13-AQ13 -> 0 | AS13: =SUMIFS($I$5:$I$4664,$D$5:$D$4664,AJ13) -> -10323.4
A14: =Total!A14 -> 36903 | B14: =YEAR(A14) -> 2001 | C14: =MONTH(A14) -> 1 | D14: =IF(MONTH(A14)>=4,"FY "&YEAR(A14)&"-"&RIGHT(YEAR(A14)+1,2),"FY "&(YEAR(A14)-1)&"-"&RIGHT(YEAR(A14),2)) -> FY 2000-01 | E14: =IF(AND(V14<>"",W14<>""),"Yes","No") -> No | F14: =Total!F14 -> 168.5 | G14: =Total!G14 -> 152.6 | H14: =Total!H14 -> 15.9 | I14: =Total!I14 -> 3.4 | J14: =IF($V14="","",INDEX('Stock Exchange'!F$5:F$2450,$V14)) | K14: =IF($V14="","",INDEX('Stock Exchange'!G$5:G$2450,$V14)) | L14: =IF($V14="","",INDEX('Stock Exchange'!H$5:H$2450,$V14)) | M14: =IF($V14="","",INDEX('Stock Exchange'!I$5:I$2450,$V14)) | N14: =IF($W14="","",INDEX(Primary!F$5:F$2450,$W14)) | O14: =IF($W14="","",INDEX(Primary!G$5:G$2450,$W14)) | P14: =IF($W14="","",INDEX(Primary!H$5:H$2450,$W14)) | Q14: =IF($W14="","",INDEX(Primary!I$5:I$2450,$W14)) | R14: =IF($E14="Yes",L14+P14,"") | S14: =IF($E14="Yes",H14-R14,"") | T14: =IF($E14="Yes",IF(ROUND(ABS(S14),2)<=$T$2,"OK","CHECK"),"n/a") -> n/a | U14: =Total!J14 -> 46.63 | V14: =IFERROR(MATCH($A14,'Stock Exchange'!$A$5:$A$2450,0),"") | W14: =IFERROR(MATCH($A14,Primary!$A$5:$A$2450,0),"") | Y14: 2010 | Z14: =COUNTIFS($B$5:$B$4664,Y14) -> 243 | AA14: =COUNTIFS($B$5:$B$4664,Y14,$E$5:$E$4664,"Yes") -> 243 | AB14: =SUMIFS($H$5:$H$4664,$B$5:$B$4664,Y14) -> 133266.9 | AC14: =SUMIFS($H$5:$H$4664,$B$5:$B$4664,Y14,$E$5:$E$4664,"Yes") -> 133266.9 | AD14: =SUMIFS($L$5:$L$4664,$B$5:$B$4664,Y14) -> 94354.9 | AE14: =SUMIFS($P$5:$P$4664,$B$5:$B$4664,Y14) -> 38910.4 | AF14: =AD14+AE14 -> 133265.3 | AG14: =AC14-AF14 -> 1.6 | AH14: =SUMIFS($I$5:$I$4664,$B$5:$B$4664,Y14) -> 29361.83 | AJ14: FY 2009-10 | AK14: =COUNTIFS($D$5:$D$4664,AJ14) -> 241 | AL14: =COUNTIFS($D$5:$D$4664,AJ14,$E$5:$E$4664,"Yes") -> 79 | AM14: =SUMIFS($H$5:$H$4664,$D$5:$D$4664,AJ14) -> 110220.6 | AN14: =SUMIFS($H$5:$H$4664,$D$5:$D$4664,AJ14,$E$5:$E$4664,"Yes") -> 30877.8 | AO14: =SUMIFS($L$5:$L$4664,$D$5:$D$4664,AJ14) -> 20662.5 | AP14: =SUMIFS($P$5:$P$4664,$D$5:$D$4664,AJ14) -> 10215 | AQ14: =AO14+AP14 -> 30877.5 | AR14: =AN14-AQ14 -> 0.3 | AS14: =SUMIFS($I$5:$I$4664,$D$5:$D$4664,AJ14) -> 23247.46
A15: =Total!A15 -> 36906 | B15: =YEAR(A15) -> 2001 | C15: =MONTH(A15) -> 1 | D15: =IF(MONTH(A15)>=4,"FY "&YEAR(A15)&"-"&RIGHT(YEAR(A15)+1,2),"FY "&(YEAR(A15)-1)&"-"&RIGHT(YEAR(A15),2)) -> FY 2000-01 | E15: =IF(AND(V15<>"",W15<>""),"Yes","No") -> No | F15: =Total!F15 -> 414.4 | G15: =Total!G15 -> 203.1 | H15: =Total!H15 -> 211.3 | I15: =Total!I15 -> 45.3 | J15: =IF($V15="","",INDEX('Stock Exchange'!F$5:F$2450,$V15)) | K15: =IF($V15="","",INDEX('Stock Exchange'!G$5:G$2450,$V15)) | L15: =IF($V15="","",INDEX('Stock Exchange'!H$5:H$2450,$V15)) | M15: =IF($V15="","",INDEX('Stock Exchange'!I$5:I$2450,$V15)) | N15: =IF($W15="","",INDEX(Primary!F$5:F$2450,$W15)) | O15: =IF($W15="","",INDEX(Primary!G$5:G$2450,$W15)) | P15: =IF($W15="","",INDEX(Primary!H$5:H$2450,$W15)) | Q15: =IF($W15="","",INDEX(Primary!I$5:I$2450,$W15)) | R15: =IF($E15="Yes",L15+P15,"") | S15: =IF($E15="Yes",H15-R15,"") | T15: =IF($E15="Yes",IF(ROUND(ABS(S15),2)<=$T$2,"OK","CHECK"),"n/a") -> n/a | U15: =Total!J15 -> 46.61 | V15: =IFERROR(MATCH($A15,'Stock Exchange'!$A$5:$A$2450,0),"") | W15: =IFERROR(MATCH($A15,Primary!$A$5:$A$2450,0),"") | Y15: 2011 | Z15: =COUNTIFS($B$5:$B$4664,Y15) -> 239 | AA15: =COUNTIFS($B$5:$B$4664,Y15,$E$5:$E$4664,"Yes") -> 239 | AB15: =SUMIFS($H$5:$H$4664,$B$5:$B$4664,Y15) -> -2713.9 | AC15: =SUMIFS($H$5:$H$4664,$B$5:$B$4664,Y15,$E$5:$E$4664,"Yes") -> -2713.9 | AD15: =SUMIFS($L$5:$L$4664,$B$5:$B$4664,Y15) -> 224.4 | AE15: =SUMIFS($P$5:$P$4664,$B$5:$B$4664,Y15) -> -2938.8 | AF15: =AD15+AE15 -> -2714.4 | AG15: =AC15-AF15 -> 0.5 | AH15: =SUMIFS($I$5:$I$4664,$B$5:$B$4664,Y15) -> -357.83 | AJ15: FY 2010-11 | AK15: =COUNTIFS($D$5:$D$4664,AJ15) -> 246 | AL15: =COUNTIFS($D$5:$D$4664,AJ15,$E$5:$E$4664,"Yes") -> 246 | AM15: =SUMIFS($H$5:$H$4664,$D$5:$D$4664,AJ15) -> 110121.5 | AN15: =SUMIFS($H$5:$H$4664,$D$5:$D$4664,AJ15,$E$5:$E$4664,"Yes") -> 110121.5 | AO15: =SUMIFS($L$5:$L$4664,$D$5:$D$4664,AJ15) -> 76008.8 | AP15: =SUMIFS($P$5:$P$4664,$D$5:$D$4664,AJ15) -> 34111.6 | AQ15: =AO15+AP15 -> 110120.4 | AR15: =AN15-AQ15 -> 1.1 | AS15: =SUMIFS($I$5:$I$4664,$D$5:$D$4664,AJ15) -> 24294.73
A16: =Total!A16 -> 36907 | B16: =YEAR(A16) -> 2001 | C16: =MONTH(A16) -> 1 | D16: =IF(MONTH(A16)>=4,"FY "&YEAR(A16)&"-"&RIGHT(YEAR(A16)+1,2),"FY "&(YEAR(A16)-1)&"-"&RIGHT(YEAR(A16),2)) -> FY 2000-01 | E16: =IF(AND(V16<>"",W16<>""),"Yes","No") -> No | F16: =Total!F16 -> 534.8 | G16: =Total!G16 -> 309.6 | H16: =Total!H16 -> 225.2 | I16: =Total!I16 -> 48.4 | J16: =IF($V16="","",INDEX('Stock Exchange'!F$5:F$2450,$V16)) | K16: =IF($V16="","",INDEX('Stock Exchange'!G$5:G$2450,$V16)) | L16: =IF($V16="","",INDEX('Stock Exchange'!H$5:H$2450,$V16)) | M16: =IF($V16="","",INDEX('Stock Exchange'!I$5:I$2450,$V16)) | N16: =IF($W16="","",INDEX(Primary!F$5:F$2450,$W16)) | O16: =IF($W16="","",INDEX(Primary!G$5:G$2450,$W16)) | P16: =IF($W16="","",INDEX(Primary!H$5:H$2450,$W16)) | Q16: =IF($W16="","",INDEX(Primary!I$5:I$2450,$W16)) | R16: =IF($E16="Yes",L16+P16,"") | S16: =IF($E16="Yes",H16-R16,"") | T16: =IF($E16="Yes",IF(ROUND(ABS(S16),2)<=$T$2,"OK","CHECK"),"n/a") -> n/a | U16: =Total!J16 -> 46.53 | V16: =IFERROR(MATCH($A16,'Stock Exchange'!$A$5:$A$2450,0),"") | W16: =IFERROR(MATCH($A16,Primary!$A$5:$A$2450,0),"") | Y16: 2012 | Z16: =COUNTIFS($B$5:$B$4664,Y16) -> 241 | AA16: =COUNTIFS($B$5:$B$4664,Y16,$E$5:$E$4664,"Yes") -> 241 | AB16: =SUMIFS($H$5:$H$4664,$B$5:$B$4664,Y16) -> 128360.4 | AC16: =SUMIFS($H$5:$H$4664,$B$5:$B$4664,Y16,$E$5:$E$4664,"Yes") -> 128360.4 | AD16: =SUMIFS($L$5:$L$4664,$B$5:$B$4664,Y16) -> 116653.1 | AE16: =SUMIFS($P$5:$P$4664,$B$5:$B$4664,Y16) -> 11707.5 | AF16: =AD16+AE16 -> 128360.6 | AG16: =AC16-AF16 -> -0.2 | AH16: =SUMIFS($I$5:$I$4664,$B$5:$B$4664,Y16) -> 24372.28 | AJ16: FY 2011-12 | AK16: =COUNTIFS($D$5:$D$4664,AJ16) -> 238 | AL16: =COUNTIFS($D$5:$D$4664,AJ16,$E$5:$E$4664,"Yes") -> 238 | AM16: =SUMIFS($H$5:$H$4664,$D$5:$D$4664,AJ16) -> 43737.7 | AN16: =SUMIFS($H$5:$H$4664,$D$5:$D$4664,AJ16,$E$5:$E$4664,"Yes") -> 43737.7 | AO16: =SUMIFS($L$5:$L$4664,$D$5:$D$4664,AJ16) -> 47082.4 | AP16: =SUMIFS($P$5:$P$4664,$D$5:$D$4664,AJ16) -> -3345.3 | AQ16: =AO16+AP16 -> 43737.1 | AR16: =AN16-AQ16 -> 0.6 | AS16: =SUMIFS($I$5:$I$4664,$D$5:$D$4664,AJ16) -> 9011.66
... A24: =Total!A24 -> 36920 | B24: =YEAR(A24) -> 2001 | C24: =MONTH(A24) -> 1 | D24: =IF(MONTH(A24)>=4,"FY "&YEAR(A24)&"-"&RIGHT(YEAR(A24)+1,2),"FY "&(YEAR(A24)-1)&"-"&RIGHT(YEAR(A24),2)) -> FY 2000-01 | E24: =IF(AND(V24<>"",W24<>""),"Yes","No") -> No | F24: =Total!F24 -> 566.1 | G24: =Total!G24 -> 210 | H24: =Total!H24 -> 356.1 | I24: =Total!I24 -> 76.7 | J24: =IF($V24="","",INDEX('Stock Exchange'!F$5:F$2450,$V24)) | K24: =IF($V24="","",INDEX('Stock Exchange'!G$5:G$2450,$V24)) | L24: =IF($V24="","",INDEX('Stock Exchange'!H$5:H$2450,$V24)) | M24: =IF($V24="","",INDEX('Stock Exchange'!I$5:I$2450,$V24)) | N24: =IF($W24="","",INDEX(Primary!F$5:F$2450,$W24)) | O24: =IF($W24="","",INDEX(Primary!G$5:G$2450,$W24)) | P24: =IF($W24="","",INDEX(Primary!H$5:H$2450,$W24)) | Q24: =IF($W24="","",INDEX(Primary!I$5:I$2450,$W24)) | R24: =IF($E24="Yes",L24+P24,"") | S24: =IF($E24="Yes",H24-R24,"") | T24: =IF($E24="Yes",IF(ROUND(ABS(S24),2)<=$T$2,"OK","CHECK"),"n/a") -> n/a | U24: =Total!J24 -> 46.46 | V24: =IFERROR(MATCH($A24,'Stock Exchange'!$A$5:$A$2450,0),"") | W24: =IFERROR(MATCH($A24,Primary!$A$5:$A$2450,0),"") | Y24: 2020 | Z24: =COUNTIFS($B$5:$B$4664,Y24) -> 23 | AA24: =COUNTIFS($B$5:$B$4664,Y24,$E$5:$E$4664,"Yes") -> 23 | AB24: =SUMIFS($H$5:$H$4664,$B$5:$B$4664,Y24) -> 12122.58 | AC24: =SUMIFS($H$5:$H$4664,$B$5:$B$4664,Y24,$E$5:$E$4664,"Yes") -> 12122.58 | AD24: =SUMIFS($L$5:$L$4664,$B$5:$B$4664,Y24) -> 2023.18 | AE24: =SUMIFS($P$5:$P$4664,$B$5:$B$4664,Y24) -> 10099.4 | AF24: =AD24+AE24 -> 12122.58 | AG24: =AC24-AF24 -> 0 | AH24: =SUMIFS($I$5:$I$4664,$B$5:$B$4664,Y24) -> 1707.82 | AJ24: FY 2019-20 | AK24: =COUNTIFS($D$5:$D$4664,AJ24) -> 204 | AL24: =COUNTIFS($D$5:$D$4664,AJ24,$E$5:$E$4664,"Yes") -> 204 | AM24: =SUMIFS($H$5:$H$4664,$D$5:$D$4664,AJ24) -> 66305.18 | AN24: =SUMIFS($H$5:$H$4664,$D$5:$D$4664,AJ24,$E$5:$E$4664,"Yes") -> 66305.18 | AO24: =SUMIFS($L$5:$L$4664,$D$5:$D$4664,AJ24) -> 24836.99 | AP24: =SUMIFS($P$5:$P$4664,$D$5:$D$4664,AJ24) -> 41468.19 | AQ24: =AO24+AP24 -> 66305.18 | AR24: =AN24-AQ24 -> 0 | AS24: =SUMIFS($I$5:$I$4664,$D$5:$D$4664,AJ24) -> 9373.71
A25: =Total!A25 -> 36921 | B25: =YEAR(A25) -> 2001 | C25: =MONTH(A25) -> 1 | D25: =IF(MONTH(A25)>=4,"FY "&YEAR(A25)&"-"&RIGHT(YEAR(A25)+1,2),"FY "&(YEAR(A25)-1)&"-"&RIGHT(YEAR(A25),2)) -> FY 2000-01 | E25: =IF(AND(V25<>"",W25<>""),"Yes","No") -> No | F25: =Total!F25 -> 178.3 | G25: =Total!G25 -> 213.7 | H25: =Total!H25 -> -35.4 | I25: =Total!I25 -> -7.6 | J25: =IF($V25="","",INDEX('Stock Exchange'!F$5:F$2450,$V25)) | K25: =IF($V25="","",INDEX('Stock Exchange'!G$5:G$2450,$V25)) | L25: =IF($V25="","",INDEX('Stock Exchange'!H$5:H$2450,$V25)) | M25: =IF($V25="","",INDEX('Stock Exchange'!I$5:I$2450,$V25)) | N25: =IF($W25="","",INDEX(Primary!F$5:F$2450,$W25)) | O25: =IF($W25="","",INDEX(Primary!G$5:G$2450,$W25)) | P25: =IF($W25="","",INDEX(Primary!H$5:H$2450,$W25)) | Q25: =IF($W25="","",INDEX(Primary!I$5:I$2450,$W25)) | R25: =IF($E25="Yes",L25+P25,"") | S25: =IF($E25="Yes",H25-R25,"") | T25: =IF($E25="Yes",IF(ROUND(ABS(S25),2)<=$T$2,"OK","CHECK"),"n/a") -> n/a | U25: =Total!J25 -> 46.53 | V25: =IFERROR(MATCH($A25,'Stock Exchange'!$A$5:$A$2450,0),"") | W25: =IFERROR(MATCH($A25,Primary!$A$5:$A$2450,0),"") | Y25: Total | Z25: =SUM(Z5:Z24) -> 4660 | AA25: =SUM(AA5:AA24) -> 2446 | AB25: =SUM(AB5:AB24) -> 910786.93 | AC25: =SUM(AC5:AC24) -> 649194.03 | AD25: =SUM(AD5:AD24) -> 446087.93 | AE25: =SUM(AE5:AE24) -> 203106 | AF25: =SUM(AF5:AF24) -> 649193.93 | AG25: =SUM(AG5:AG24) -> 0.1 | AH25: =SUM(AH5:AH24) -> 176214.9 | AJ25: Total | AK25: =SUM(AK5:AK24) -> 4660 | AL25: =SUM(AL5:AL24) -> 2446 | AM25: =SUM(AM5:AM24) -> 910786.93 | AN25: =SUM(AN5:AN24) -> 649194.03 | AO25: =SUM(AO5:AO24) -> 446087.93 | AP25: =SUM(AP5:AP24) -> 203106 | AQ25: =SUM(AQ5:AQ24) -> 649193.93 | AR25: =SUM(AR5:AR24) -> 0.1 | AS25: =SUM(AS5:AS24) -> 176214.9
A26: =Total!A26 -> 36922 | B26: =YEAR(A26) -> 2001 | C26: =MONTH(A26) -> 1 | D26: =IF(MONTH(A26)>=4,"FY "&YEAR(A26)&"-"&RIGHT(YEAR(A26)+1,2),"FY "&(YEAR(A26)-1)&"-"&RIGHT(YEAR(A26),2)) -> FY 2000-01 | E26: =IF(AND(V26<>"",W26<>""),"Yes","No") -> No | F26: =Total!F26 -> 543.5 | G26: =Total!G26 -> 183.2 | H26: =Total!H26 -> 360.3 | I26: =Total!I26 -> 77.5 | J26: =IF($V26="","",INDEX('Stock Exchange'!F$5:F$2450,$V26)) | K26: =IF($V26="","",INDEX('Stock Exchange'!G$5:G$2450,$V26)) | L26: =IF($V26="","",INDEX('Stock Exchange'!H$5:H$2450,$V26)) | M26: =IF($V26="","",INDEX('Stock Exchange'!I$5:I$2450,$V26)) | N26: =IF($W26="","",INDEX(Primary!F$5:F$2450,$W26)) | O26: =IF($W26="","",INDEX(Primary!G$5:G$2450,$W26)) | P26: =IF($W26="","",INDEX(Primary!H$5:H$2450,$W26)) | Q26: =IF($W26="","",INDEX(Primary!I$5:I$2450,$W26)) | R26: =IF($E26="Yes",L26+P26,"") | S26: =IF($E26="Yes",H26-R26,"") | T26: =IF($E26="Yes",IF(ROUND(ABS(S26),2)<=$T$2,"OK","CHECK"),"n/a") -> n/a | U26: =Total!J26 -> 46.47 | V26: =IFERROR(MATCH($A26,'Stock Exchange'!$A$5:$A$2450,0),"") | W26: =IFERROR(MATCH($A26,Primary!$A$5:$A$2450,0),"")
A27: =Total!A27 -> 36923 | B27: =YEAR(A27) -> 2001 | C27: =MONTH(A27) -> 2 | D27: =IF(MONTH(A27)>=4,"FY "&YEAR(A27)&"-"&RIGHT(YEAR(A27)+1,2),"FY "&(YEAR(A27)-1)&"-"&RIGHT(YEAR(A27),2)) -> FY 2000-01 | E27: =IF(AND(V27<>"",W27<>""),"Yes","No") -> No | F27: =Total!F27 -> 488.6 | G27: =Total!G27 -> 227.8 | H27: =Total!H27 -> 260.8 | I27: =Total!I27 -> 56.2 | J27: =IF($V27="","",INDEX('Stock Exchange'!F$5:F$2450,$V27)) | K27: =IF($V27="","",INDEX('Stock Exchange'!G$5:G$2450,$V27)) | L27: =IF($V27="","",INDEX('Stock Exchange'!H$5:H$2450,$V27)) | M27: =IF($V27="","",INDEX('Stock Exchange'!I$5:I$2450,$V27)) | N27: =IF($W27="","",INDEX(Primary!F$5:F$2450,$W27)) | O27: =IF($W27="","",INDEX(Primary!G$5:G$2450,$W27)) | P27: =IF($W27="","",INDEX(Primary!H$5:H$2450,$W27)) | Q27: =IF($W27="","",INDEX(Primary!I$5:I$2450,$W27)) | R27: =IF($E27="Yes",L27+P27,"") | S27: =IF($E27="Yes",H27-R27,"") | T27: =IF($E27="Yes",IF(ROUND(ABS(S27),2)<=$T$2,"OK","CHECK"),"n/a") -> n/a | U27: =Total!J27 -> 46.41 | V27: =IFERROR(MATCH($A27,'Stock Exchange'!$A$5:$A$2450,0),"") | W27: =IFERROR(MATCH($A27,Primary!$A$5:$A$2450,0),"") | Y27: Data covers 01 Jan 2001 to 31 Jan 2020; the first and last periods may be partial. | AJ27: Data covers 01 Jan 2001 to 31 Jan 2020; the first and last periods may be partial.
A28: =Total!A28 -> 36924 | B28: =YEAR(A28) -> 2001 | C28: =MONTH(A28) -> 2 | D28: =IF(MONTH(A28)>=4,"FY "&YEAR(A28)&"-"&RIGHT(YEAR(A28)+1,2),"FY "&(YEAR(A28)-1)&"-"&RIGHT(YEAR(A28),2)) -> FY 2000-01 | E28: =IF(AND(V28<>"",W28<>""),"Yes","No") -> No | F28: =Total!F28 -> 405.8 | G28: =Total!G28 -> 340.2 | H28: =Total!H28 -> 65.6 | I28: =Total!I28 -> 14.1 | J28: =IF($V28="","",INDEX('Stock Exchange'!F$5:F$2450,$V28)) | K28: =IF($V28="","",INDEX('Stock Exchange'!G$5:G$2450,$V28)) | L28: =IF($V28="","",INDEX('Stock Exchange'!H$5:H$2450,$V28)) | M28: =IF($V28="","",INDEX('Stock Exchange'!I$5:I$2450,$V28)) | N28: =IF($W28="","",INDEX(Primary!F$5:F$2450,$W28)) | O28: =IF($W28="","",INDEX(Primary!G$5:G$2450,$W28)) | P28: =IF($W28="","",INDEX(Primary!H$5:H$2450,$W28)) | Q28: =IF($W28="","",INDEX(Primary!I$5:I$2450,$W28)) | R28: =IF($E28="Yes",L28+P28,"") | S28: =IF($E28="Yes",H28-R28,"") | T28: =IF($E28="Yes",IF(ROUND(ABS(S28),2)<=$T$2,"OK","CHECK"),"n/a") -> n/a | U28: =Total!J28 -> 46.4 | V28: =IFERROR(MATCH($A28,'Stock Exchange'!$A$5:$A$2450,0),"") | W28: =IFERROR(MATCH($A28,Primary!$A$5:$A$2450,0),"")
A29: =Total!A29 -> 36927 | B29: =YEAR(A29) -> 2001 | C29: =MONTH(A29) -> 2 | D29: =IF(MONTH(A29)>=4,"FY "&YEAR(A29)&"-"&RIGHT(YEAR(A29)+1,2),"FY "&(YEAR(A29)-1)&"-"&RIGHT(YEAR(A29),2)) -> FY 2000-01 | E29: =IF(AND(V29<>"",W29<>""),"Yes","No") -> No | F29: =Total!F29 -> 334 | G29: =Total!G29 -> 261.9 | H29: =Total!H29 -> 72.1 | I29: =Total!I29 -> 15.5 | J29: =IF($V29="","",INDEX('Stock Exchange'!F$5:F$2450,$V29)) | K29: =IF($V29="","",INDEX('Stock Exchange'!G$5:G$2450,$V29)) | L29: =IF($V29="","",INDEX('Stock Exchange'!H$5:H$2450,$V29)) | M29: =IF($V29="","",INDEX('Stock Exchange'!I$5:I$2450,$V29)) | N29: =IF($W29="","",INDEX(Primary!F$5:F$2450,$W29)) | O29: =IF($W29="","",INDEX(Primary!G$5:G$2450,$W29)) | P29: =IF($W29="","",INDEX(Primary!H$5:H$2450,$W29)) | Q29: =IF($W29="","",INDEX(Primary!I$5:I$2450,$W29)) | R29: =IF($E29="Yes",L29+P29,"") | S29: =IF($E29="Yes",H29-R29,"") | T29: =IF($E29="Yes",IF(ROUND(ABS(S29),2)<=$T$2,"OK","CHECK"),"n/a") -> n/a | U29: =Total!J29 -> 46.41 | V29: =IFERROR(MATCH($A29,'Stock Exchange'!$A$5:$A$2450,0),"") | W29: =IFERROR(MATCH($A29,Primary!$A$5:$A$2450,0),"")
A30: =Total!A30 -> 36928 | B30: =YEAR(A30) -> 2001 | C30: =MONTH(A30) -> 2 | D30: =IF(MONTH(A30)>=4,"FY "&YEAR(A30)&"-"&RIGHT(YEAR(A30)+1,2),"FY "&(YEAR(A30)-1)&"-"&RIGHT(YEAR(A30),2)) -> FY 2000-01 | E30: =IF(AND(V30<>"",W30<>""),"Yes","No") -> No | F30: =Total!F30 -> 274.1 | G30: =Total!G30 -> 325.6 | H30: =Total!H30 -> -51.5 | I30: =Total!I30 -> -11.1 | J30: =IF($V30="","",INDEX('Stock Exchange'!F$5:F$2450,$V30)) | K30: =IF($V30="","",INDEX('Stock Exchange'!G$5:G$2450,$V30)) | L30: =IF($V30="","",INDEX('Stock Exchange'!H$5:H$2450,$V30)) | M30: =IF($V30="","",INDEX('Stock Exchange'!I$5:I$2450,$V30)) | N30: =IF($W30="","",INDEX(Primary!F$5:F$2450,$W30)) | O30: =IF($W30="","",INDEX(Primary!G$5:G$2450,$W30)) | P30: =IF($W30="","",INDEX(Primary!H$5:H$2450,$W30)) | Q30: =IF($W30="","",INDEX(Primary!I$5:I$2450,$W30)) | R30: =IF($E30="Yes",L30+P30,"") | S30: =IF($E30="Yes",H30-R30,"") | T30: =IF($E30="Yes",IF(ROUND(ABS(S30),2)<=$T$2,"OK","CHECK"),"n/a") -> n/a | U30: =Total!J30 -> 46.41 | V30: =IFERROR(MATCH($A30,'Stock Exchange'!$A$5:$A$2450,0),"") | W30: =IFERROR(MATCH($A30,Primary!$A$5:$A$2450,0),"")
A31: =Total!A31 -> 36929 | B31: =YEAR(A31) -> 2001 | C31: =MONTH(A31) -> 2 | D31: =IF(MONTH(A31)>=4,"FY "&YEAR(A31)&"-"&RIGHT(YEAR(A31)+1,2),"FY "&(YEAR(A31)-1)&"-"&RIGHT(YEAR(A31),2)) -> FY 2000-01 | E31: =IF(AND(V31<>"",W31<>""),"Yes","No") -> No | F31: =Total!F31 -> 200.3 | G31: =Total!G31 -> 253.2 | H31: =Total!H31 -> -52.9 | I31: =Total!I31 -> -11.4 | J31: =IF($V31="","",INDEX('Stock Exchange'!F$5:F$2450,$V31)) | K31: =IF($V31="","",INDEX('Stock Exchange'!G$5:G$2450,$V31)) | L31: =IF($V31="","",INDEX('Stock Exchange'!H$5:H$2450,$V31)) | M31: =IF($V31="","",INDEX('Stock Exchange'!I$5:I$2450,$V31)) | N31: =IF($W31="","",INDEX(Primary!F$5:F$2450,$W31)) | O31: =IF($W31="","",INDEX(Primary!G$5:G$2450,$W31)) | P31: =IF($W31="","",INDEX(Primary!H$5:H$2450,$W31)) | Q31: =IF($W31="","",INDEX(Primary!I$5:I$2450,$W31)) | R31: =IF($E31="Yes",L31+P31,"") | S31: =IF($E31="Yes",H31-R31,"") | T31: =IF($E31="Yes",IF(ROUND(ABS(S31),2)<=$T$2,"OK","CHECK"),"n/a") -> n/a | U31: =Total!J31 -> 46.4 | V31: =IFERROR(MATCH($A31,'Stock Exchange'!$A$5:$A$2450,0),"") | W31: =IFERROR(MATCH($A31,Primary!$A$5:$A$2450,0),"")
A32: =Total!A32 -> 36930 | B32: =YEAR(A32) -> 2001 | C32: =MONTH(A32) -> 2 | D32: =IF(MONTH(A32)>=4,"FY "&YEAR(A32)&"-"&RIGHT(YEAR(A32)+1,2),"FY "&(YEAR(A32)-1)&"-"&RIGHT(YEAR(A32),2)) -> FY 2000-01 | E32: =IF(AND(V32<>"",W32<>""),"Yes","No") -> No | F32: =Total!F32 -> 133.2 | G32: =Total!G32 -> 329.9 | H32: =Total!H32 -> -196.7 | I32: =Total!I32 -> -42.4 | J32: =IF($V32="","",INDEX('Stock Exchange'!F$5:F$2450,$V32)) | K32: =IF($V32="","",INDEX('Stock Exchange'!G$5:G$2450,$V32)) | L32: =IF($V32="","",INDEX('Stock Exchange'!H$5:H$2450,$V32)) | M32: =IF($V32="","",INDEX('Stock Exchange'!I$5:I$2450,$V32)) | N32: =IF($W32="","",INDEX(Primary!F$5:F$2450,$W32)) | O32: =IF($W32="","",INDEX(Primary!G$5:G$2450,$W32)) | P32: =IF($W32="","",INDEX(Primary!H$5:H$2450,$W32)) | Q32: =IF($W32="","",INDEX(Primary!I$5:I$2450,$W32)) | R32: =IF($E32="Yes",L32+P32,"") | S32: =IF($E32="Yes",H32-R32,"") | T32: =IF($E32="Yes",IF(ROUND(ABS(S32),2)<=$T$2,"OK","CHECK"),"n/a") -> n/a | U32: =Total!J32 -> 46.39 | V32: =IFERROR(MATCH($A32,'Stock Exchange'!$A$5:$A$2450,0),"") | W32: =IFERROR(MATCH($A32,Primary!$A$5:$A$2450,0),"")
A33: =Total!A33 -> 36931 | B33: =YEAR(A33) -> 2001 | C33: =MONTH(A33) -> 2 | D33: =IF(MONTH(A33)>=4,"FY "&YEAR(A33)&"-"&RIGHT(YEAR(A33)+1,2),"FY "&(YEAR(A33)-1)&"-"&RIGHT(YEAR(A33),2)) -> FY 2000-01 | E33: =IF(AND(V33<>"",W33<>""),"Yes","No") -> No | F33: =Total!F33 -> 352.5 | G33: =Total!G33 -> 269.3 | H33: =Total!H33 -> 83.2 | I33: =Total!I33 -> 17.9 | J33: =IF($V33="","",INDEX('Stock Exchange'!F$5:F$2450,$V33)) | K33: =IF($V33="","",INDEX('Stock Exchange'!G$5:G$2450,$V33)) | L33: =IF($V33="","",INDEX('Stock Exchange'!H$5:H$2450,$V33)) | M33: =IF($V33="","",INDEX('Stock Exchange'!I$5:I$2450,$V33)) | N33: =IF($W33="","",INDEX(Primary!F$5:F$2450,$W33)) | O33: =IF($W33="","",INDEX(Primary!G$5:G$2450,$W33)) | P33: =IF($W33="","",INDEX(Primary!H$5:H$2450,$W33)) | Q33: =IF($W33="","",INDEX(Primary!I$5:I$2450,$W33)) | R33: =IF($E33="Yes",L33+P33,"") | S33: =IF($E33="Yes",H33-R33,"") | T33: =IF($E33="Yes",IF(ROUND(ABS(S33),2)<=$T$2,"OK","CHECK"),"n/a") -> n/a | U33: =Total!J33 -> 46.44 | V33: =IFERROR(MATCH($A33,'Stock Exchange'!$A$5:$A$2450,0),"") | W33: =IFERROR(MATCH($A33,Primary!$A$5:$A$2450,0),"")
A34: =Total!A34 -> 36934 | B34: =YEAR(A34) -> 2001 | C34: =MONTH(A34) -> 2 | D34: =IF(MONTH(A34)>=4,"FY "&YEAR(A34)&"-"&RIGHT(YEAR(A34)+1,2),"FY "&(YEAR(A34)-1)&"-"&RIGHT(YEAR(A34),2)) -> FY 2000-01 | E34: =IF(AND(V34<>"",W34<>""),"Yes","No") -> No | F34: =Total!F34 -> 354.3 | G34: =Total!G34 -> 202.4 | H34: =Total!H34 -> 151.9 | I34: =Total!I34 -> 32.7 | J34: =IF($V34="","",INDEX('Stock Exchange'!F$5:F$2450,$V34)) | K34: =IF($V34="","",INDEX('Stock Exchange'!G$5:G$2450,$V34)) | L34: =IF($V34="","",INDEX('Stock Exchange'!H$5:H$2450,$V34)) | M34: =IF($V34="","",INDEX('Stock Exchange'!I$5:I$2450,$V34)) | N34: =IF($W34="","",INDEX(Primary!F$5:F$2450,$W34)) | O34: =IF($W34="","",INDEX(Primary!G$5:G$2450,$W34)) | P34: =IF($W34="","",INDEX(Primary!H$5:H$2450,$W34)) | Q34: =IF($W34="","",INDEX(Primary!I$5:I$2450,$W34)) | R34: =IF($E34="Yes",L34+P34,"") | S34: =IF($E34="Yes",H34-R34,"") | T34: =IF($E34="Yes",IF(ROUND(ABS(S34),2)<=$T$2,"OK","CHECK"),"n/a") -> n/a | U34: =Total!J34 -> 46.43 | V34: =IFERROR(MATCH($A34,'Stock Exchange'!$A$5:$A$2450,0),"") | W34: =IFERROR(MATCH($A34,Primary!$A$5:$A$2450,0),"")
A35: =Total!A35 -> 36935 | B35: =YEAR(A35) -> 2001 | C35: =MONTH(A35) -> 2 | D35: =IF(MONTH(A35)>=4,"FY "&YEAR(A35)&"-"&RIGHT(YEAR(A35)+1,2),"FY "&(YEAR(A35)-1)&"-"&RIGHT(YEAR(A35),2)) -> FY 2000-01 | E35: =IF(AND(V35<>"",W35<>""),"Yes","No") -> No | F35: =Total!F35 -> 195.5 | G35: =Total!G35 -> 150.6 | H35: =Total!H35 -> 44.9 | I35: =Total!I35 -> 9.7 | J35: =IF($V35="","",INDEX('Stock Exchange'!F$5:F$2450,$V35)) | K35: =IF($V35="","",INDEX('Stock Exchange'!G$5:G$2450,$V35)) | L35: =IF($V35="","",INDEX('Stock Exchange'!H$5:H$2450,$V35)) | M35: =IF($V35="","",INDEX('Stock Exchange'!I$5:I$2450,$V35)) | N35: =IF($W35="","",INDEX(Primary!F$5:F$2450,$W35)) | O35: =IF($W35="","",INDEX(Primary!G$5:G$2450,$W35)) | P35: =IF($W35="","",INDEX(Primary!H$5:H$2450,$W35)) | Q35: =IF($W35="","",INDEX(Primary!I$5:I$2450,$W35)) | R35: =IF($E35="Yes",L35+P35,"") | S35: =IF($E35="Yes",H35-R35,"") | T35: =IF($E35="Yes",IF(ROUND(ABS(S35),2)<=$T$2,"OK","CHECK"),"n/a") -> n/a | U35: =Total!J35 -> 46.48 | V35: =IFERROR(MATCH($A35,'Stock Exchange'!$A$5:$A$2450,0),"") | W35: =IFERROR(MATCH($A35,Primary!$A$5:$A$2450,0),"")
A36: =Total!A36 -> 36936 | B36: =YEAR(A36) -> 2001 | C36: =MONTH(A36) -> 2 | D36: =IF(MONTH(A36)>=4,"FY "&YEAR(A36)&"-"&RIGHT(YEAR(A36)+1,2),"FY "&(YEAR(A36)-1)&"-"&RIGHT(YEAR(A36),2)) -> FY 2000-01 | E36: =IF(AND(V36<>"",W36<>""),"Yes","No") -> No | F36: =Total!F36 -> 606.4 | G36: =Total!G36 -> 206.6 | H36: =Total!H36 -> 399.8 | I36: =Total!I36 -> 85.9 | J36: =IF($V36="","",INDEX('Stock Exchange'!F$5:F$2450,$V36)) | K36: =IF($V36="","",INDEX('Stock Exchange'!G$5:G$2450,$V36)) | L36: =IF($V36="","",INDEX('Stock Exchange'!H$5:H$2450,$V36)) | M36: =IF($V36="","",INDEX('Stock Exchange'!I$5:I$2450,$V36)) | N36: =IF($W36="","",INDEX(Primary!F$5:F$2450,$W36)) | O36: =IF($W36="","",INDEX(Primary!G$5:G$2450,$W36)) | P36: =IF($W36="","",INDEX(Primary!H$5:H$2450,$W36)) | Q36: =IF($W36="","",INDEX(Primary!I$5:I$2450,$W36)) | R36: =IF($E36="Yes",L36+P36,"") | S36: =IF($E36="Yes",H36-R36,"") | T36: =IF($E36="Yes",IF(ROUND(ABS(S36),2)<=$T$2,"OK","CHECK"),"n/a") -> n/a | U36: =Total!J36 -> 46.55 | V36: =IFERROR(MATCH($A36,'Stock Exchange'!$A$5:$A$2450,0),"") | W36: =IFERROR(MATCH($A36,Primary!$A$5:$A$2450,0),"")
A37: =Total!A37 -> 36937 | B37: =YEAR(A37) -> 2001 | C37: =MONTH(A37) -> 2 | D37: =IF(MONTH(A37)>=4,"FY "&YEAR(A37)&"-"&RIGHT(YEAR(A37)+1,2),"FY "&(YEAR(A37)-1)&"-"&RIGHT(YEAR(A37),2)) -> FY 2000-01 | E37: =IF(AND(V37<>"",W37<>""),"Yes","No") -> No | F37: =Total!F37 -> 224.3 | G37: =Total!G37 -> 145.6 | H37: =Total!H37 -> 78.7 | I37: =Total!I37 -> 16.9 | J37: =IF($V37="","",INDEX('Stock Exchange'!F$5:F$2450,$V37)) | K37: =IF($V37="","",INDEX('Stock Exchange'!G$5:G$2450,$V37)) | L37: =IF($V37="","",INDEX('Stock Exchange'!H$5:H$2450,$V37)) | M37: =IF($V37="","",INDEX('Stock Exchange'!I$5:I$2450,$V37)) | N37: =IF($W37="","",INDEX(Primary!F$5:F$2450,$W37)) | O37: =IF($W37="","",INDEX(Primary!G$5:G$2450,$W37)) | P37: =IF($W37="","",INDEX(Primary!H$5:H$2450,$W37)) | Q37: =IF($W37="","",INDEX(Primary!I$5:I$2450,$W37)) | R37: =IF($E37="Yes",L37+P37,"") | S37: =IF($E37="Yes",H37-R37,"") | T37: =IF($E37="Yes",IF(ROUND(ABS(S37),2)<=$T$2,"OK","CHECK"),"n/a") -> n/a | U37: =Total!J37 -> 46.6 | V37: =IFERROR(MATCH($A37,'Stock Exchange'!$A$5:$A$2450,0),"") | W37: =IFERROR(MATCH($A37,Primary!$A$5:$A$2450,0),"")
A38: =Total!A38 -> 36938 | B38: =YEAR(A38) -> 2001 | C38: =MONTH(A38) -> 2 | D38: =IF(MONTH(A38)>=4,"FY "&YEAR(A38)&"-"&RIGHT(YEAR(A38)+1,2),"FY "&(YEAR(A38)-1)&"-"&RIGHT(YEAR(A38),2)) -> FY 2000-01 | E38: =IF(AND(V38<>"",W38<>""),"Yes","No") -> No | F38: =Total!F38 -> 284.3 | G38: =Total!G38 -> 102 | H38: =Total!H38 -> 182.3 | I38: =Total!I38 -> 39.1 | J38: =IF($V38="","",INDEX('Stock Exchange'!F$5:F$2450,$V38)) | K38: =IF($V38="","",INDEX('Stock Exchange'!G$5:G$2450,$V38)) | L38: =IF($V38="","",INDEX('Stock Exchange'!H$5:H$2450,$V38)) | M38: =IF($V38="","",INDEX('Stock Exchange'!I$5:I$2450,$V38)) | N38: =IF($W38="","",INDEX(Primary!F$5:F$2450,$W38)) | O38: =IF($W38="","",INDEX(Primary!G$5:G$2450,$W38)) | P38: =IF($W38="","",INDEX(Primary!H$5:H$2450,$W38)) | Q38: =IF($W38="","",INDEX(Primary!I$5:I$2450,$W38)) | R38: =IF($E38="Yes",L38+P38,"") | S38: =IF($E38="Yes",H38-R38,"") | T38: =IF($E38="Yes",IF(ROUND(ABS(S38),2)<=$T$2,"OK","CHECK"),"n/a") -> n/a | U38: =Total!J38 -> 46.59 | V38: =IFERROR(MATCH($A38,'Stock Exchange'!$A$5:$A$2450,0),"") | W38: =IFERROR(MATCH($A38,Primary!$A$5:$A$2450,0),"")
A39: =Total!A39 -> 36941 | B39: =YEAR(A39) -> 2001 | C39: =MONTH(A39) -> 2 | D39: =IF(MONTH(A39)>=4,"FY "&YEAR(A39)&"-"&RIGHT(YEAR(A39)+1,2),"FY "&(YEAR(A39)-1)&"-"&RIGHT(YEAR(A39),2)) -> FY 2000-01 | E39: =IF(AND(V39<>"",W39<>""),"Yes","No") -> No | F39: =Total!F39 -> 447.4 | G39: =Total!G39 -> 159.2 | H39: =Total!H39 -> 288.2 | I39: =Total!I39 -> 61.9 | J39: =IF($V39="","",INDEX('Stock Exchange'!F$5:F$2450,$V39)) | K39: =IF($V39="","",INDEX('Stock Exchange'!G$5:G$2450,$V39)) | L39: =IF($V39="","",INDEX('Stock Exchange'!H$5:H$2450,$V39)) | M39: =IF($V39="","",INDEX('Stock Exchange'!I$5:I$2450,$V39)) | N39: =IF($W39="","",INDEX(Primary!F$5:F$2450,$W39)) | O39: =IF($W39="","",INDEX(Primary!G$5:G$2450,$W39)) | P39: =IF($W39="","",INDEX(Primary!H$5:H$2450,$W39)) | Q39: =IF($W39="","",INDEX(Primary!I$5:I$2450,$W39)) | R39: =IF($E39="Yes",L39+P39,"") | S39: =IF($E39="Yes",H39-R39,"") | T39: =IF($E39="Yes",IF(ROUND(ABS(S39),2)<=$T$2,"OK","CHECK"),"n/a") -> n/a | U39: =Total!J39 -> 46.54 | V39: =IFERROR(MATCH($A39,'Stock Exchange'!$A$5:$A$2450,0),"") | W39: =IFERROR(MATCH($A39,Primary!$A$5:$A$2450,0),"")
... A4664: =Total!A4664 -> 43861 | B4664: =YEAR(A4664) -> 2020 | C4664: =MONTH(A4664) -> 1 | D4664: =IF(MONTH(A4664)>=4,"FY "&YEAR(A4664)&"-"&RIGHT(YEAR(A4664)+1,2),"FY "&(YEAR(A4664)-1)&"-"&RIGHT(YEAR(A4664),2)) -> FY 2019-20 | E4664: =IF(AND(V4664<>"",W4664<>""),"Yes","No") -> Yes | F4664: =Total!F4664 -> 6401.33 | G4664: =Total!G4664 -> 5775.41 | H4664: =Total!H4664 -> 625.92 | I4664: =Total!I4664 -> 87.57 | J4664: =IF($V4664="","",INDEX('Stock Exchange'!F$5:F$2450,$V4664)) -> 5868.08 | K4664: =IF($V4664="","",INDEX('Stock Exchange'!G$5:G$2450,$V4664)) -> 5772.47 | L4664: =IF($V4664="","",INDEX('Stock Exchange'!H$5:H$2450,$V4664)) -> 95.61 | M4664: =IF($V4664="","",INDEX('Stock Exchange'!I$5:I$2450,$V4664)) -> 13.38 | N4664: =IF($W4664="","",INDEX(Primary!F$5:F$2450,$W4664)) -> 533.25 | O4664: =IF($W4664="","",INDEX(Primary!G$5:G$2450,$W4664)) -> 2.94 | P4664: =IF($W4664="","",INDEX(Primary!H$5:H$2450,$W4664)) -> 530.31 | Q4664: =IF($W4664="","",INDEX(Primary!I$5:I$2450,$W4664)) -> 74.19 | R4664: =IF($E4664="Yes",L4664+P4664,"") -> 625.92 | S4664: =IF($E4664="Yes",H4664-R4664,"") -> 0 | T4664: =IF($E4664="Yes",IF(ROUND(ABS(S4664),2)<=$T$2,"OK","CHECK"),"n/a") -> OK | U4664: =Total!J4664 -> 71.4772 | V4664: =IFERROR(MATCH($A4664,'Stock Exchange'!$A$5:$A$2450,0),"") -> 2446 | W4664: =IFERROR(MATCH($A4664,Primary!$A$5:$A$2450,0),"") -> 2446
